time,imgId,pzebra,pizeb,pSpeed,pNb,A,B,C,D,E,notOnSidewalk,total
1,tolbiac-Italie,1,1,1,0,0,0,0,0,5,5,20
2,tolbiac-Italie,1,1,1,0,0,0,0,0,4,4,21
3,tolbiac-Italie,1,1,1,0,0,0,0,0,4,4,22
4,tolbiac-Italie,1,1,1,0,0,0,0,0,4,4,23
5,tolbiac-Italie,1,1,1,0,0,0,0,0,3,3,24
6,tolbiac-Italie,1,1,1,0,0,0,0,0,2,2,25
7,tolbiac-Italie,1,1,1,0,0,0,0,0,2,2,26
8,tolbiac-Italie,1,1,1,0,0,0,0,0,2,2,27
9,tolbiac-Italie,1,1,1,0,0,0,0,0,2,2,28
10,tolbiac-Italie,1,1,1,0,0,0,0,0,2,2,29
11,tolbiac-Italie,1,1,1,0,0,0,0,0,2,2,30
12,tolbiac-Italie,1,1,1,0,0,0,0,0,3,3,31
13,tolbiac-Italie,1,1,1,0,0,0,0,0,3,3,32
14,tolbiac-Italie,1,1,1,0,0,0,0,0,4,4,33
15,tolbiac-Italie,1,1,1,0,0,0,0,0,3,3,33
16,tolbiac-Italie,1,1,1,0,0,0,0,0,4,4,34
17,tolbiac-Italie,1,1,1,0,0,0,0,0,4,4,35
18,tolbiac-Italie,1,1,1,0,0,0,0,0,4,4,36
19,tolbiac-Italie,1,1,1,0,0,0,0,0,4,4,37
20,tolbiac-Italie,1,1,1,0,0,0,0,0,5,5,38
21,tolbiac-Italie,1,1,1,0,0,0,0,0,4,4,39
22,tolbiac-Italie,1,1,1,0,0,0,0,0,3,3,40
23,tolbiac-Italie,1,1,1,0,0,0,0,0,3,3,41
24,tolbiac-Italie,1,1,1,0,0,0,0,0,3,3,42
25,tolbiac-Italie,1,1,1,0,0,0,0,0,3,3,43
26,tolbiac-Italie,1,1,1,0,0,0,0,0,2,2,44
27,tolbiac-Italie,1,1,1,0,0,0,0,0,2,2,45
28,tolbiac-Italie,1,1,1,0,0,0,0,0,2,2,46
29,tolbiac-Italie,1,1,1,0,0,0,0,0,2,2,46
30,tolbiac-Italie,1,1,1,0,0,0,0,0,2,2,47
31,tolbiac-Italie,1,1,1,0,0,0,0,0,2,2,48
32,tolbiac-Italie,1,1,1,0,0,0,0,0,2,2,49
33,tolbiac-Italie,1,1,1,0,0,0,0,0,2,2,50
34,tolbiac-Italie,1,1,1,0,0,0,0,0,2,2,51
35,tolbiac-Italie,1,1,1,0,0,0,0,0,3,3,52
36,tolbiac-Italie,1,1,1,0,0,0,0,0,4,4,53
37,tolbiac-Italie,1,1,1,0,0,0,0,0,4,4,54
38,tolbiac-Italie,1,1,1,0,0,0,0,0,5,5,55
39,tolbiac-Italie,1,1,1,0,0,0,0,0,4,4,56
40,tolbiac-Italie,1,1,1,0,0,0,0,0,4,4,57
41,tolbiac-Italie,1,1,1,0,0,0,0,0,3,3,57
42,tolbiac-Italie,1,1,1,0,1,0,0,0,3,4,58
43,tolbiac-Italie,1,1,1,0,1,0,0,0,3,4,59
44,tolbiac-Italie,1,1,1,0,1,0,0,0,3,4,60
45,tolbiac-Italie,1,1,1,0,1,0,0,0,3,4,61
46,tolbiac-Italie,1,1,1,0,1,0,0,0,3,4,62
47,tolbiac-Italie,1,1,1,0,1,0,0,0,3,4,63
48,tolbiac-Italie,1,1,1,0,1,0,0,0,3,4,63
49,tolbiac-Italie,1,1,1,0,1,0,0,0,3,4,64
50,tolbiac-Italie,1,1,1,0,1,0,0,0,3,4,65
51,tolbiac-Italie,1,1,1,0,1,0,0,0,2,3,66
52,tolbiac-Italie,1,1,1,0,1,0,0,0,2,3,67
53,tolbiac-Italie,1,1,1,0,1,0,0,0,2,3,68
54,tolbiac-Italie,1,1,1,0,1,0,0,0,2,3,69
55,tolbiac-Italie,1,1,1,0,1,0,0,0,3,4,70
56,tolbiac-Italie,1,1,1,0,1,0,0,0,4,5,71
57,tolbiac-Italie,1,1,1,0,0,0,1,0,4,5,72
58,tolbiac-Italie,1,1,1,0,0,0,1,0,4,5,73
59,tolbiac-Italie,1,1,1,0,0,0,1,0,5,6,74
60,tolbiac-Italie,1,1,1,0,0,0,1,0,5,6,75
61,tolbiac-Italie,1,1,1,0,0,0,1,0,5,6,76
62,tolbiac-Italie,1,1,1,0,0,0,1,0,5,6,77
63,tolbiac-Italie,1,1,1,0,1,0,1,0,5,7,78
64,tolbiac-Italie,1,1,1,0,2,0,1,0,5,8,79
65,tolbiac-Italie,1,1,1,0,2,0,1,0,6,9,80
66,tolbiac-Italie,1,1,1,0,2,0,1,0,7,10,81
67,tolbiac-Italie,1,1,1,0,2,0,1,0,6,9,82
68,tolbiac-Italie,1,1,1,0,2,0,1,0,5,8,83
69,tolbiac-Italie,1,1,1,0,2,0,1,0,5,8,84
70,tolbiac-Italie,1,1,1,0,3,0,1,0,5,9,85
71,tolbiac-Italie,1,1,1,0,3,0,1,0,6,10,86
72,tolbiac-Italie,1,1,1,0,3,0,1,0,5,9,87
73,tolbiac-Italie,1,1,1,0,3,0,1,0,5,9,88
74,tolbiac-Italie,1,1,1,0,3,0,1,0,7,11,89
75,tolbiac-Italie,1,1,1,0,2,1,1,0,5,9,89
76,tolbiac-Italie,1,1,1,0,2,1,1,0,5,9,90
77,tolbiac-Italie,1,1,1,0,2,1,1,0,3,7,91
78,tolbiac-Italie,1,1,1,0,2,1,1,0,3,7,92
79,tolbiac-Italie,1,1,1,0,2,1,1,0,3,7,93
80,tolbiac-Italie,1,1,1,0,2,1,1,0,2,6,94
81,tolbiac-Italie,1,1,1,0,2,1,1,0,2,6,95
82,tolbiac-Italie,1,1,1,0,2,1,1,0,2,6,96
83,tolbiac-Italie,1,1,1,0,2,1,1,0,3,7,97
84,tolbiac-Italie,1,1,1,0,2,1,0,0,4,7,98
85,tolbiac-Italie,1,1,1,0,1,1,0,0,4,6,98
86,tolbiac-Italie,1,1,1,0,0,1,0,0,5,6,99
87,tolbiac-Italie,1,1,1,0,0,1,0,0,5,6,100
88,tolbiac-Italie,1,1,1,0,0,1,0,0,5,6,101
89,tolbiac-Italie,1,1,1,0,0,1,0,0,5,6,102
90,tolbiac-Italie,1,1,1,0,2,1,0,0,5,8,103
91,tolbiac-Italie,1,1,1,0,2,1,0,0,6,9,104
92,tolbiac-Italie,1,1,1,0,3,1,0,0,5,9,105
93,tolbiac-Italie,1,1,1,0,2,1,0,1,5,9,106
94,tolbiac-Italie,1,1,1,0,2,1,0,1,5,9,107
95,tolbiac-Italie,1,1,1,0,0,1,2,1,4,8,108
96,tolbiac-Italie,1,1,1,0,0,1,2,1,4,8,109
97,tolbiac-Italie,1,1,1,0,0,1,2,1,5,9,110
98,tolbiac-Italie,1,1,1,0,0,1,2,1,4,8,111
99,tolbiac-Italie,1,1,1,0,1,2,2,0,5,10,112
100,tolbiac-Italie,1,1,1,0,1,2,2,0,5,10,113
101,tolbiac-Italie,1,1,1,0,1,2,2,0,5,10,113
102,tolbiac-Italie,1,1,1,0,1,2,2,0,7,12,114
103,tolbiac-Italie,1,1,1,0,2,2,2,0,5,11,115
104,tolbiac-Italie,1,1,1,0,2,0,2,2,5,11,116
105,tolbiac-Italie,1,1,1,0,2,0,2,2,2,8,117
106,tolbiac-Italie,1,1,1,0,2,0,2,2,2,8,118
107,tolbiac-Italie,1,1,1,0,2,0,2,2,2,8,119
108,tolbiac-Italie,1,1,1,0,2,0,2,2,2,8,120
109,tolbiac-Italie,1,1,1,0,2,0,2,2,2,8,120
110,tolbiac-Italie,1,1,1,0,2,0,2,2,2,8,121
111,tolbiac-Italie,1,1,1,0,2,0,2,2,2,8,122
112,tolbiac-Italie,1,1,1,0,2,0,2,2,3,9,123
113,tolbiac-Italie,1,1,1,0,2,0,2,2,4,10,124
114,tolbiac-Italie,1,1,1,0,2,0,1,2,4,9,124
115,tolbiac-Italie,1,1,1,0,2,0,1,2,4,9,124
116,tolbiac-Italie,1,1,1,0,2,0,1,2,3,8,125
117,tolbiac-Italie,1,1,1,0,2,0,1,2,4,9,126
118,tolbiac-Italie,1,1,1,0,2,0,1,2,4,9,127
119,tolbiac-Italie,1,1,1,0,1,1,1,2,4,9,128
120,tolbiac-Italie,1,1,1,0,1,1,1,2,3,8,129
121,tolbiac-Italie,1,1,1,0,1,3,1,0,4,9,130
122,tolbiac-Italie,1,1,1,0,1,3,1,0,5,10,131
123,tolbiac-Italie,1,1,1,0,0,3,2,0,5,10,132
124,tolbiac-Italie,1,1,1,0,0,3,2,0,5,10,133
125,tolbiac-Italie,1,1,1,0,0,3,2,0,5,10,133
126,tolbiac-Italie,1,1,1,0,0,3,1,1,5,10,133
127,tolbiac-Italie,1,1,1,0,1,3,1,1,4,10,134
128,tolbiac-Italie,1,1,1,0,1,2,1,1,5,10,135
129,tolbiac-Italie,1,1,1,0,0,2,2,1,5,10,136
130,tolbiac-Italie,1,1,1,0,1,2,1,1,5,10,137
131,tolbiac-Italie,1,1,1,0,1,2,2,1,3,9,138
132,tolbiac-Italie,1,1,1,0,1,2,2,1,4,10,139
133,tolbiac-Italie,1,1,1,0,6,2,1,1,3,13,138
134,tolbiac-Italie,1,1,1,0,6,2,1,1,3,13,139
135,tolbiac-Italie,1,1,1,0,6,2,1,1,3,13,140
136,tolbiac-Italie,1,1,1,0,6,2,1,1,3,13,140
137,tolbiac-Italie,1,1,1,0,6,2,1,1,4,14,141
138,tolbiac-Italie,1,1,1,0,5,3,1,1,3,13,140
139,tolbiac-Italie,1,1,1,0,8,3,1,1,3,16,141
140,tolbiac-Italie,1,1,1,0,7,4,1,1,4,17,142
141,tolbiac-Italie,1,1,1,0,6,5,1,1,4,17,143
142,tolbiac-Italie,1,1,1,0,6,5,2,1,4,18,144
143,tolbiac-Italie,1,1,1,0,7,6,2,0,4,19,145
144,tolbiac-Italie,1,1,1,0,8,7,2,0,3,20,145
145,tolbiac-Italie,1,1,1,0,8,7,2,0,3,20,146
146,tolbiac-Italie,1,1,1,0,7,8,2,0,4,21,147
147,tolbiac-Italie,1,1,1,0,6,9,2,0,4,21,147
148,tolbiac-Italie,1,1,1,0,6,9,2,0,4,21,148
149,tolbiac-Italie,1,1,1,0,6,9,2,0,4,21,149
150,tolbiac-Italie,1,1,1,0,5,8,2,0,6,21,150
151,tolbiac-Italie,1,1,1,0,4,8,2,0,5,19,150
152,tolbiac-Italie,1,1,1,0,4,7,1,1,4,17,151
153,tolbiac-Italie,1,1,1,0,4,7,2,0,4,17,151
154,tolbiac-Italie,1,1,1,0,4,7,2,0,4,17,152
155,tolbiac-Italie,1,1,1,0,4,7,2,0,5,18,153
156,tolbiac-Italie,1,1,1,0,4,5,1,1,7,18,154
157,tolbiac-Italie,1,1,1,0,5,5,1,1,8,20,155
158,tolbiac-Italie,1,1,1,0,5,5,1,1,6,18,155
159,tolbiac-Italie,1,1,1,0,6,5,1,1,6,19,156
160,tolbiac-Italie,1,1,1,0,6,5,1,1,5,18,157
161,tolbiac-Italie,1,1,1,0,6,5,1,1,6,19,158
162,tolbiac-Italie,1,1,1,0,6,5,1,0,5,17,158
163,tolbiac-Italie,1,1,1,0,6,5,1,0,5,17,159
164,tolbiac-Italie,1,1,1,0,7,5,1,0,5,18,160
165,tolbiac-Italie,1,1,1,0,1,5,6,1,4,17,160
166,tolbiac-Italie,1,1,1,0,1,5,6,1,5,18,161
167,tolbiac-Italie,1,1,1,0,1,5,5,1,5,17,161
168,tolbiac-Italie,1,1,1,0,1,5,5,1,5,17,162
169,tolbiac-Italie,1,1,1,0,2,5,4,1,5,17,163
170,tolbiac-Italie,1,1,1,0,3,5,4,1,7,20,164
171,tolbiac-Italie,1,1,1,0,2,5,3,2,7,19,164
172,tolbiac-Italie,1,1,1,0,1,6,3,2,8,20,165
173,tolbiac-Italie,1,1,1,0,1,6,3,2,9,21,166
174,tolbiac-Italie,1,1,1,0,2,2,3,6,9,22,167
175,tolbiac-Italie,1,1,1,0,2,2,3,6,8,21,167
176,tolbiac-Italie,1,1,1,0,3,2,3,6,8,22,168
177,tolbiac-Italie,1,1,1,0,3,2,2,6,9,22,169
178,tolbiac-Italie,1,1,1,0,3,2,1,4,11,21,170
179,tolbiac-Italie,1,1,1,0,3,2,0,4,11,20,171
180,tolbiac-Italie,1,1,1,0,4,2,0,4,10,20,172
181,tolbiac-Italie,1,1,1,0,4,2,0,4,9,19,172
182,tolbiac-Italie,1,1,1,0,4,2,0,4,9,19,173
183,tolbiac-Italie,1,1,1,0,5,2,0,4,8,19,173
184,tolbiac-Italie,1,1,1,0,5,2,0,4,9,20,174
185,tolbiac-Italie,1,1,1,0,5,2,2,4,10,23,175
186,tolbiac-Italie,1,1,1,0,6,2,2,4,10,24,176
187,tolbiac-Italie,1,1,1,0,5,2,2,4,10,23,177
188,tolbiac-Italie,1,1,1,0,5,2,2,4,9,22,178
189,tolbiac-Italie,1,1,1,0,5,2,2,4,9,22,179
190,tolbiac-Italie,1,1,1,0,5,2,2,4,10,23,180
191,tolbiac-Italie,1,1,1,0,5,6,2,0,10,23,181
192,tolbiac-Italie,1,1,1,0,4,7,2,0,11,24,182
193,tolbiac-Italie,1,1,1,0,3,6,2,2,10,23,183
194,tolbiac-Italie,1,1,1,0,3,6,2,2,9,22,184
195,tolbiac-Italie,1,1,1,0,4,6,2,2,9,23,185
196,tolbiac-Italie,1,1,1,0,3,7,2,2,9,23,185
197,tolbiac-Italie,1,1,1,0,2,5,3,4,10,24,186
198,tolbiac-Italie,1,1,1,0,2,5,3,4,9,23,187
199,tolbiac-Italie,1,1,1,0,2,5,3,4,10,24,188
200,tolbiac-Italie,1,1,1,0,3,6,3,2,11,25,189
201,tolbiac-Italie,1,1,1,0,1,5,5,2,10,23,190
202,tolbiac-Italie,1,1,1,0,1,5,5,2,10,23,191
203,tolbiac-Italie,1,1,1,0,3,6,5,1,10,25,192
204,tolbiac-Italie,1,1,1,0,3,6,5,1,11,26,193
205,tolbiac-Italie,1,1,1,0,3,6,5,0,12,26,193
206,tolbiac-Italie,1,1,1,0,3,6,5,0,11,25,193
207,tolbiac-Italie,1,1,1,0,3,6,6,0,11,26,194
208,tolbiac-Italie,1,1,1,0,3,6,6,0,12,27,195
209,tolbiac-Italie,1,1,1,0,8,7,3,0,12,30,196
210,tolbiac-Italie,1,1,1,0,8,6,3,0,11,28,197
211,tolbiac-Italie,1,1,1,0,7,7,1,1,11,27,198
212,tolbiac-Italie,1,1,1,0,6,8,3,0,12,29,199
213,tolbiac-Italie,1,1,1,0,6,8,2,1,13,30,200
214,tolbiac-Italie,1,1,1,0,6,9,2,1,12,30,201
215,tolbiac-Italie,1,1,1,0,7,9,3,1,12,32,202
216,tolbiac-Italie,1,1,1,0,6,11,3,1,12,33,203
217,tolbiac-Italie,1,1,1,0,6,11,2,2,12,33,204
218,tolbiac-Italie,1,1,1,0,6,11,2,3,10,32,205
219,tolbiac-Italie,1,1,1,0,6,12,2,3,11,34,206
220,tolbiac-Italie,1,1,1,0,6,11,2,3,11,33,206
221,tolbiac-Italie,1,1,1,0,6,11,2,3,12,34,207
222,tolbiac-Italie,1,1,1,0,7,11,2,3,11,34,207
223,tolbiac-Italie,1,1,1,0,6,10,2,2,12,32,208
224,tolbiac-Italie,1,1,1,0,6,10,3,2,13,34,209
225,tolbiac-Italie,1,1,1,0,6,9,2,2,14,33,210
226,tolbiac-Italie,1,1,1,0,7,9,2,2,14,34,210
227,tolbiac-Italie,1,1,1,0,7,9,3,1,16,36,211
228,tolbiac-Italie,1,1,1,0,8,9,3,1,15,36,212
229,tolbiac-Italie,1,1,1,0,7,9,4,1,16,37,213
230,tolbiac-Italie,1,1,1,0,7,9,4,1,16,37,214
231,tolbiac-Italie,1,1,1,0,8,9,4,1,15,37,215
232,tolbiac-Italie,1,1,1,0,7,11,4,1,16,39,216
233,tolbiac-Italie,1,1,1,0,8,11,4,1,16,40,217
234,tolbiac-Italie,1,1,1,0,8,11,4,2,17,42,218
235,tolbiac-Italie,1,1,1,0,0,7,12,6,17,42,217
236,tolbiac-Italie,1,1,1,0,0,7,12,5,17,41,217
237,tolbiac-Italie,1,1,1,0,1,7,11,5,17,41,217
238,tolbiac-Italie,1,1,1,0,1,7,12,6,16,42,218
239,tolbiac-Italie,1,1,1,0,4,7,9,6,16,42,218
240,tolbiac-Italie,1,1,1,0,5,8,8,5,17,43,219
241,tolbiac-Italie,1,1,1,0,5,8,6,5,17,41,220
242,tolbiac-Italie,1,1,1,0,4,9,6,5,16,40,221
243,tolbiac-Italie,1,1,1,0,7,9,5,5,16,42,222
244,tolbiac-Italie,1,1,1,0,6,3,5,11,15,40,223
245,tolbiac-Italie,1,1,1,0,6,3,5,11,13,38,223
246,tolbiac-Italie,1,1,1,0,6,5,5,10,13,39,223
247,tolbiac-Italie,1,1,1,0,8,5,5,9,14,41,224
248,tolbiac-Italie,1,1,1,0,9,4,5,8,14,40,225
249,tolbiac-Italie,1,1,1,0,8,4,5,7,16,40,225
250,tolbiac-Italie,1,1,1,0,7,4,5,7,17,40,226
251,tolbiac-Italie,1,1,1,0,7,4,4,7,19,41,227
252,tolbiac-Italie,1,1,1,0,7,3,3,7,19,39,227
253,tolbiac-Italie,1,1,1,0,7,3,3,7,18,38,228
254,tolbiac-Italie,1,1,1,0,7,3,3,7,20,40,229
255,tolbiac-Italie,1,1,1,0,6,3,3,7,19,38,229
256,tolbiac-Italie,1,1,1,0,6,3,1,7,19,36,230
257,tolbiac-Italie,1,1,1,0,8,3,1,7,19,38,231
258,tolbiac-Italie,1,1,1,0,8,2,1,7,20,38,232
259,tolbiac-Italie,1,1,1,0,7,2,1,7,18,35,232
260,tolbiac-Italie,1,1,1,0,7,2,1,7,18,35,233
261,tolbiac-Italie,1,1,1,0,7,8,1,1,18,35,234
262,tolbiac-Italie,1,1,1,0,6,10,2,1,18,37,235
263,tolbiac-Italie,1,1,1,0,6,7,2,3,17,35,235
264,tolbiac-Italie,1,1,1,0,7,7,2,3,17,36,236
265,tolbiac-Italie,1,1,1,0,7,6,3,4,17,37,237
266,tolbiac-Italie,1,1,1,0,7,6,3,4,16,36,237
267,tolbiac-Italie,1,1,1,0,5,4,5,5,18,37,238
268,tolbiac-Italie,1,1,1,0,4,4,5,5,18,36,239
269,tolbiac-Italie,1,1,1,0,2,4,7,5,18,36,240
270,tolbiac-Italie,1,1,1,0,4,4,7,4,20,39,241
271,tolbiac-Italie,1,1,1,0,2,5,9,3,18,37,242
272,tolbiac-Italie,1,1,1,0,2,5,9,2,18,36,243
273,tolbiac-Italie,1,1,1,0,5,5,8,2,17,37,244
274,tolbiac-Italie,1,1,1,0,5,6,8,1,18,38,245
275,tolbiac-Italie,1,1,1,0,5,6,7,1,17,36,244
276,tolbiac-Italie,1,1,1,0,5,6,8,1,17,37,245
277,tolbiac-Italie,1,1,1,0,5,6,9,1,16,37,246
278,tolbiac-Italie,1,1,1,0,4,7,10,1,15,37,247
279,tolbiac-Italie,1,1,1,0,11,7,7,1,16,42,248
280,tolbiac-Italie,1,1,1,0,12,7,5,2,15,41,248
281,tolbiac-Italie,1,1,1,0,12,8,5,2,15,42,249
282,tolbiac-Italie,1,1,1,0,13,8,5,2,14,42,250
283,tolbiac-Italie,1,1,1,0,13,9,5,2,15,44,251
284,tolbiac-Italie,1,1,1,0,11,10,5,2,15,43,251
285,tolbiac-Italie,1,1,1,0,12,9,5,2,15,43,252
286,tolbiac-Italie,1,1,1,0,11,10,5,2,15,43,252
287,tolbiac-Italie,1,1,1,0,12,10,5,2,15,44,253
288,tolbiac-Italie,1,1,1,0,12,10,5,2,13,42,254
289,tolbiac-Italie,1,1,1,0,11,11,5,2,14,43,255
290,tolbiac-Italie,1,1,1,0,11,11,5,3,11,41,256
291,tolbiac-Italie,1,1,1,0,10,12,4,3,13,42,257
292,tolbiac-Italie,1,1,1,0,11,12,4,3,13,43,258
293,tolbiac-Italie,1,1,1,0,9,13,4,3,13,42,259
294,tolbiac-Italie,1,1,1,0,9,12,4,3,14,42,260
295,tolbiac-Italie,1,1,1,0,9,12,4,3,13,41,261
296,tolbiac-Italie,1,1,1,0,9,11,4,2,15,41,262
297,tolbiac-Italie,1,1,1,0,9,11,2,3,17,42,263
298,tolbiac-Italie,1,1,1,0,9,11,2,3,16,41,263
299,tolbiac-Italie,1,1,1,0,6,10,4,4,16,40,263
300,tolbiac-Italie,1,1,1,0,6,9,3,4,19,41,264
301,tolbiac-Italie,1,1,1,0,6,8,3,3,20,40,265
302,tolbiac-Italie,1,1,1,0,6,8,2,4,20,40,266
303,tolbiac-Italie,1,1,1,0,6,9,1,5,18,39,267
304,tolbiac-Italie,1,1,1,0,6,9,1,5,18,39,268
305,tolbiac-Italie,1,1,1,0,3,7,5,7,17,39,269
306,tolbiac-Italie,1,1,1,0,3,7,5,7,17,39,270
307,tolbiac-Italie,1,1,1,0,8,9,5,4,17,43,271
308,tolbiac-Italie,1,1,1,0,8,9,5,4,18,44,272
309,tolbiac-Italie,1,1,1,0,13,9,5,4,18,49,272
310,tolbiac-Italie,1,1,1,0,9,10,8,2,19,48,273
311,tolbiac-Italie,1,1,1,0,9,10,8,2,19,48,274
312,tolbiac-Italie,1,1,1,0,10,11,7,1,19,48,275
313,tolbiac-Italie,1,1,1,0,10,12,7,1,19,49,276
314,tolbiac-Italie,1,1,1,0,10,5,6,8,20,49,277
315,tolbiac-Italie,1,1,1,0,9,6,5,7,21,48,278
316,tolbiac-Italie,1,1,1,0,10,6,5,7,19,47,279
317,tolbiac-Italie,1,1,1,0,10,5,5,7,20,47,280
318,tolbiac-Italie,1,1,1,0,9,6,3,8,22,48,281
319,tolbiac-Italie,1,1,1,0,8,6,3,8,24,49,281
320,tolbiac-Italie,1,1,1,0,11,6,3,8,22,50,281
321,tolbiac-Italie,1,1,1,0,10,6,4,7,20,47,281
322,tolbiac-Italie,1,1,1,0,8,7,2,7,21,45,282
323,tolbiac-Italie,1,1,1,0,8,7,2,7,21,45,283
324,tolbiac-Italie,1,1,1,0,8,5,1,7,24,45,284
325,tolbiac-Italie,1,1,1,0,8,5,1,7,23,44,284
326,tolbiac-Italie,1,1,1,0,9,5,1,7,24,46,285
327,tolbiac-Italie,1,1,1,0,9,4,1,7,26,47,286
328,tolbiac-Italie,1,1,1,0,9,4,1,7,25,46,286
329,tolbiac-Italie,1,1,1,0,10,4,1,5,25,45,286
330,tolbiac-Italie,1,1,1,0,9,4,1,5,26,45,287
331,tolbiac-Italie,1,1,1,0,9,10,1,0,26,46,288
332,tolbiac-Italie,1,1,1,0,8,10,2,0,25,45,289
333,tolbiac-Italie,1,1,1,0,8,6,2,2,25,43,289
334,tolbiac-Italie,1,1,1,0,8,6,2,2,24,42,290
335,tolbiac-Italie,1,1,1,0,8,5,2,2,25,42,291
336,tolbiac-Italie,1,1,1,0,8,5,2,2,25,42,292
337,tolbiac-Italie,1,1,1,0,5,4,4,4,24,41,293
338,tolbiac-Italie,1,1,1,0,5,4,6,3,24,42,294
339,tolbiac-Italie,1,1,1,0,3,4,9,3,25,44,295
340,tolbiac-Italie,1,1,1,0,4,5,8,3,23,43,294
341,tolbiac-Italie,1,1,1,0,2,3,10,5,23,43,295
342,tolbiac-Italie,1,1,1,0,2,3,9,5,24,43,296
343,tolbiac-Italie,1,1,1,0,8,3,8,5,24,48,296
344,tolbiac-Italie,1,1,1,0,8,3,8,5,24,48,297
345,tolbiac-Italie,1,1,1,0,8,3,9,4,24,48,298
346,tolbiac-Italie,1,1,1,0,7,4,10,4,21,46,298
347,tolbiac-Italie,1,1,1,0,7,4,10,4,21,46,299
348,tolbiac-Italie,1,1,1,0,7,4,9,4,21,45,299
349,tolbiac-Italie,1,1,1,0,20,4,7,4,20,55,300
350,tolbiac-Italie,1,1,1,0,20,4,7,4,19,54,301
351,tolbiac-Italie,1,1,1,0,20,4,7,4,17,52,301
352,tolbiac-Italie,1,1,1,0,20,4,7,4,17,52,302
353,tolbiac-Italie,1,1,1,0,20,6,8,2,17,53,303
354,tolbiac-Italie,1,1,1,0,20,7,8,2,17,54,304
355,tolbiac-Italie,1,1,1,0,20,7,7,3,15,52,305
356,tolbiac-Italie,1,1,1,0,20,9,8,1,16,54,306
357,tolbiac-Italie,1,1,1,0,19,11,8,1,16,55,307
358,tolbiac-Italie,1,1,1,0,21,9,7,1,17,55,307
359,tolbiac-Italie,1,1,1,0,19,11,7,0,18,55,307
360,tolbiac-Italie,1,1,1,0,19,10,7,0,19,55,308
361,tolbiac-Italie,1,1,1,0,19,10,6,1,19,55,309
362,tolbiac-Italie,1,1,1,0,18,9,6,1,18,52,310
363,tolbiac-Italie,1,1,1,0,18,8,5,1,19,51,310
364,tolbiac-Italie,1,1,1,0,18,9,5,1,18,51,311
365,tolbiac-Italie,1,1,1,0,19,10,3,1,19,52,312
366,tolbiac-Italie,1,1,1,0,19,8,4,1,19,51,313
367,tolbiac-Italie,1,1,1,0,19,9,4,1,16,49,314
368,tolbiac-Italie,1,1,1,0,19,8,3,2,17,49,314
369,tolbiac-Italie,1,1,1,0,12,8,10,2,17,49,315
370,tolbiac-Italie,1,1,1,0,13,8,8,3,17,49,316
371,tolbiac-Italie,1,1,1,0,14,8,7,4,17,50,317
372,tolbiac-Italie,1,1,1,0,15,8,7,3,20,53,318
373,tolbiac-Italie,1,1,1,0,14,9,7,3,18,51,317
374,tolbiac-Italie,1,1,1,0,15,8,7,4,17,51,318
375,tolbiac-Italie,1,1,1,0,2,8,19,4,19,52,319
376,tolbiac-Italie,1,1,1,0,2,8,20,3,19,52,320
377,tolbiac-Italie,1,1,1,0,4,9,17,3,19,52,321
378,tolbiac-Italie,1,1,1,0,6,9,16,3,20,54,322
379,tolbiac-Italie,1,1,1,0,9,10,17,2,20,58,322
380,tolbiac-Italie,1,1,1,0,7,10,19,2,21,59,323
381,tolbiac-Italie,1,1,1,0,6,10,17,3,22,58,322
382,tolbiac-Italie,1,1,1,0,7,11,17,3,22,60,323
383,tolbiac-Italie,1,1,1,0,8,11,16,2,24,61,324
384,tolbiac-Italie,1,1,1,0,7,4,16,10,23,60,324
385,tolbiac-Italie,1,1,1,0,7,4,15,11,24,61,325
386,tolbiac-Italie,1,1,1,0,10,5,15,10,23,63,325
387,tolbiac-Italie,1,1,1,0,9,4,14,12,24,63,326
388,tolbiac-Italie,1,1,1,0,10,3,10,12,23,58,327
389,tolbiac-Italie,1,1,1,0,10,3,8,11,23,55,327
390,tolbiac-Italie,1,1,1,0,10,3,8,11,22,54,328
391,tolbiac-Italie,1,1,1,0,12,3,7,12,22,56,329
392,tolbiac-Italie,1,1,1,0,12,3,8,12,23,58,330
393,tolbiac-Italie,1,1,1,0,12,2,8,11,25,58,331
394,tolbiac-Italie,1,1,1,0,13,2,7,11,25,58,332
395,tolbiac-Italie,1,1,1,0,13,2,6,11,24,56,333
396,tolbiac-Italie,1,1,1,0,13,2,5,11,24,55,334
397,tolbiac-Italie,1,1,1,0,14,2,4,10,25,55,335
398,tolbiac-Italie,1,1,1,0,14,2,4,10,25,55,336
399,tolbiac-Italie,1,1,1,0,13,3,4,10,25,55,337
400,tolbiac-Italie,1,1,1,0,11,6,4,10,24,55,337
401,tolbiac-Italie,1,1,1,0,11,15,4,1,24,55,338
402,tolbiac-Italie,1,1,1,0,11,15,4,2,23,55,339
403,tolbiac-Italie,1,1,1,0,8,15,7,3,21,54,340
404,tolbiac-Italie,1,1,1,0,8,16,7,2,21,54,341
405,tolbiac-Italie,1,1,1,0,7,16,6,1,21,51,342
406,tolbiac-Italie,1,1,1,0,7,17,5,2,20,51,343
407,tolbiac-Italie,1,1,1,0,5,15,7,4,21,52,344
408,tolbiac-Italie,1,1,1,0,6,15,7,3,20,51,344
409,tolbiac-Italie,1,1,1,0,3,14,8,6,20,51,345
410,tolbiac-Italie,1,1,1,0,5,13,8,6,17,49,346
411,tolbiac-Italie,1,1,1,0,1,8,11,11,17,48,346
412,tolbiac-Italie,1,1,1,0,1,8,9,11,20,49,347
413,tolbiac-Italie,1,1,1,0,5,8,9,9,21,52,346
414,tolbiac-Italie,1,1,1,0,6,8,11,6,22,53,346
415,tolbiac-Italie,1,1,1,0,6,8,10,7,21,52,347
416,tolbiac-Italie,1,1,1,0,6,9,7,8,21,51,348
417,tolbiac-Italie,1,1,1,0,6,9,7,8,20,50,348
418,tolbiac-Italie,1,1,1,0,6,10,7,7,19,49,349
419,tolbiac-Italie,1,1,1,0,17,9,3,7,22,58,350
420,tolbiac-Italie,1,1,1,0,16,10,3,7,20,56,351
421,tolbiac-Italie,1,1,1,0,13,11,3,7,19,53,352
422,tolbiac-Italie,1,1,1,0,14,13,3,6,19,55,353
423,tolbiac-Italie,1,1,1,0,15,12,4,6,20,57,354
424,tolbiac-Italie,1,1,1,0,13,14,4,6,19,56,355
425,tolbiac-Italie,1,1,1,0,13,14,6,6,17,56,355
426,tolbiac-Italie,1,1,1,0,13,16,6,5,17,57,356
427,tolbiac-Italie,1,1,1,0,13,17,6,4,15,55,356
428,tolbiac-Italie,1,1,1,0,16,18,6,4,15,59,357
429,tolbiac-Italie,1,1,1,0,17,18,6,4,15,60,358
430,tolbiac-Italie,1,1,1,0,17,18,5,3,17,60,359
431,tolbiac-Italie,1,1,1,0,17,18,5,3,15,58,359
432,tolbiac-Italie,1,1,1,0,18,18,5,3,15,59,360
433,tolbiac-Italie,1,1,1,0,17,18,6,3,14,58,360
434,tolbiac-Italie,1,1,1,0,16,18,5,5,12,56,361
435,tolbiac-Italie,1,1,1,0,16,18,5,5,12,56,362
436,tolbiac-Italie,1,1,1,0,14,19,5,4,14,56,363
437,tolbiac-Italie,1,1,1,0,16,18,5,4,17,60,364
438,tolbiac-Italie,1,1,1,0,16,19,5,2,18,60,363
439,tolbiac-Italie,1,1,1,0,11,16,9,6,18,60,364
440,tolbiac-Italie,1,1,1,0,11,15,10,5,20,61,364
441,tolbiac-Italie,1,1,1,0,11,14,10,5,21,61,364
442,tolbiac-Italie,1,1,1,0,9,16,10,5,20,60,364
443,tolbiac-Italie,1,1,1,0,9,16,9,6,19,59,365
444,tolbiac-Italie,1,1,1,0,9,16,9,5,20,59,366
445,tolbiac-Italie,1,1,1,0,1,14,17,7,21,60,367
446,tolbiac-Italie,1,1,1,0,1,16,16,6,20,59,367
447,tolbiac-Italie,1,1,1,0,5,15,15,5,21,61,368
448,tolbiac-Italie,1,1,1,0,6,16,13,6,21,62,369
449,tolbiac-Italie,1,1,1,0,6,17,13,6,19,61,370
450,tolbiac-Italie,1,1,1,0,4,17,13,7,20,61,371
451,tolbiac-Italie,1,1,1,0,4,16,15,7,21,63,372
452,tolbiac-Italie,1,1,1,0,3,16,16,5,21,61,372
453,tolbiac-Italie,1,1,1,0,10,16,14,4,23,67,373
454,tolbiac-Italie,1,1,1,0,9,4,14,17,23,67,373
455,tolbiac-Italie,1,1,1,0,7,6,13,15,25,66,373
456,tolbiac-Italie,1,1,1,0,10,8,10,13,25,66,373
457,tolbiac-Italie,1,1,1,0,9,8,10,12,26,65,374
458,tolbiac-Italie,1,1,1,0,7,8,8,12,26,61,375
459,tolbiac-Italie,1,1,1,0,8,8,8,12,28,64,376
460,tolbiac-Italie,1,1,1,0,9,8,7,12,27,63,376
461,tolbiac-Italie,1,1,1,0,10,7,7,12,27,63,376
462,tolbiac-Italie,1,1,1,0,9,7,6,15,26,63,377
463,tolbiac-Italie,1,1,1,0,9,7,6,16,26,64,378
464,tolbiac-Italie,1,1,1,0,10,7,5,17,25,64,379
